"id","weight40","sex","Cluster","Cluster_labels"
111000,0.343964278697968,1,4,"Late & Diverse Transitions"
2931000,1.76745474338531,0,2,"Early Family Formation"
3491000,0.726560711860657,1,4,"Late & Diverse Transitions"
3902000,0.940405488014221,0,5,"Delayed Union Formation"
4814000,1.37315213680267,0,1,"Persistent Single"
8948000,0.709793269634247,1,4,"Late & Diverse Transitions"
9917000,0.417318105697632,0,2,"Early Family Formation"
10208000,0.525204658508301,0,4,"Late & Diverse Transitions"
10665000,3.52226448059082,1,2,"Early Family Formation"
10789000,1.01106250286102,1,2,"Early Family Formation"
10809000,1.18641245365143,1,5,"Delayed Union Formation"
11300000,1.68989682197571,1,1,"Persistent Single"
12490000,1.47570145130157,1,1,"Persistent Single"
13345000,0.845349431037903,1,1,"Persistent Single"
13588000,2.54356002807617,0,4,"Late & Diverse Transitions"
14722000,1.21751153469086,0,1,"Persistent Single"
14898000,0.574547708034515,1,1,"Persistent Single"
15310000,2.17986249923706,0,1,"Persistent Single"
15595000,0.265306502580643,0,1,"Persistent Single"
15975000,2.66874051094055,1,2,"Early Family Formation"
16512000,1.15702080726624,0,1,"Persistent Single"
16671000,0.495345592498779,1,3,"Stable Married, One Child"
16829000,1.00109326839447,1,4,"Late & Diverse Transitions"
17154000,0.42508789896965,0,2,"Early Family Formation"
17663000,0.607325375080109,1,5,"Delayed Union Formation"
18011000,1.05580186843872,0,5,"Delayed Union Formation"
19673000,0.898854792118073,1,3,"Stable Married, One Child"
20970000,0.719544291496277,0,3,"Stable Married, One Child"
22234000,0.69062876701355,0,5,"Delayed Union Formation"
22984000,2.24630045890808,0,5,"Delayed Union Formation"
24908000,0.799940586090088,1,1,"Persistent Single"
25498000,3.42489266395569,0,1,"Persistent Single"
26760000,0.655636727809906,0,3,"Stable Married, One Child"
27564000,1.86041724681854,1,3,"Stable Married, One Child"
30069000,1.50913286209106,0,2,"Early Family Formation"
30233000,1.07143080234528,1,1,"Persistent Single"
34182000,1.24187028408051,0,2,"Early Family Formation"
34283000,2.30995345115662,0,5,"Delayed Union Formation"
34410000,1.06341850757599,0,1,"Persistent Single"
35429000,1.0884131193161,0,2,"Early Family Formation"
37380000,0.227887377142906,0,2,"Early Family Formation"
38207000,1.62715590000153,0,2,"Early Family Formation"
38533000,0.531326055526733,0,3,"Stable Married, One Child"
38835000,3.30726432800293,0,2,"Early Family Formation"
40030000,0.410898655653,1,4,"Late & Diverse Transitions"
42446000,0.990875601768494,0,2,"Early Family Formation"
43116000,1.63227117061615,0,5,"Delayed Union Formation"
44386000,1.34449982643127,1,5,"Delayed Union Formation"
44495000,3.0251989364624,0,2,"Early Family Formation"
45091000,0.513090193271637,1,4,"Late & Diverse Transitions"
45705000,1.41643381118774,1,1,"Persistent Single"
46009000,0.390673339366913,1,4,"Late & Diverse Transitions"
46521000,0.252585679292679,1,4,"Late & Diverse Transitions"
49164000,0.916199803352356,0,5,"Delayed Union Formation"
51971000,1.40968787670135,0,1,"Persistent Single"
52154000,1.87363028526306,0,4,"Late & Diverse Transitions"
53356000,0.92373126745224,1,1,"Persistent Single"
54294000,1.24821615219116,1,2,"Early Family Formation"
55835000,1.01645219326019,0,3,"Stable Married, One Child"
56242000,1.23722553253174,0,2,"Early Family Formation"
56294000,0.85456657409668,0,5,"Delayed Union Formation"
61002000,0.92373126745224,1,1,"Persistent Single"
61085000,1.25387692451477,0,4,"Late & Diverse Transitions"
61227000,0.552318096160889,1,1,"Persistent Single"
61883000,3.40465545654297,0,2,"Early Family Formation"
61933000,1.07779765129089,0,5,"Delayed Union Formation"
63755000,1.04706001281738,0,2,"Early Family Formation"
64188000,1.91475760936737,0,1,"Persistent Single"
65300000,0.814108431339264,1,2,"Early Family Formation"
65317000,0.57160222530365,1,5,"Delayed Union Formation"
65342000,1.84152293205261,1,1,"Persistent Single"
65982000,2.26980352401733,0,2,"Early Family Formation"
66029000,2.3080313205719,1,2,"Early Family Formation"
66953000,2.10480856895447,0,5,"Delayed Union Formation"
66989000,0.238517791032791,1,2,"Early Family Formation"
67461000,0.65743488073349,1,2,"Early Family Formation"
68734000,4.85061168670654,1,1,"Persistent Single"
69675000,2.37409114837646,0,2,"Early Family Formation"
71223000,1.29448139667511,1,2,"Early Family Formation"
71780000,1.00551617145538,1,1,"Persistent Single"
72463000,0.866048872470856,0,5,"Delayed Union Formation"
74040000,0.718590140342712,1,4,"Late & Diverse Transitions"
74788000,0.561387062072754,0,4,"Late & Diverse Transitions"
76321000,0.765380024909973,1,1,"Persistent Single"
77366000,1.47928643226624,1,3,"Stable Married, One Child"
78454000,1.9030624628067,0,1,"Persistent Single"
78571000,0.801186859607697,1,3,"Stable Married, One Child"
78626000,1.56379151344299,1,1,"Persistent Single"
78724000,0.484808623790741,1,5,"Delayed Union Formation"
79758000,0.537887871265411,1,3,"Stable Married, One Child"
80740000,1.25831425189972,0,5,"Delayed Union Formation"
81093000,1.94278299808502,1,5,"Delayed Union Formation"
84146000,4.07891416549683,1,3,"Stable Married, One Child"
84512000,1.48978698253632,1,1,"Persistent Single"
86105000,0.525219202041626,0,2,"Early Family Formation"
86782000,2.63164019584656,0,2,"Early Family Formation"
87102000,1.6952303647995,0,1,"Persistent Single"
87939000,3.0857629776001,0,5,"Delayed Union Formation"
93194000,1.75117421150208,1,5,"Delayed Union Formation"
93440000,1.57241725921631,0,2,"Early Family Formation"
93716000,2.25493836402893,0,4,"Late & Diverse Transitions"
93888000,0.789678871631622,1,4,"Late & Diverse Transitions"
94740000,2.29929566383362,0,2,"Early Family Formation"
95759000,0.85813295841217,1,4,"Late & Diverse Transitions"
96098000,2.8154022693634,0,2,"Early Family Formation"
100906000,2.60687947273254,0,2,"Early Family Formation"
103783000,1.73317360877991,0,2,"Early Family Formation"
104387000,1.22041797637939,1,3,"Stable Married, One Child"
104834000,3.32645201683044,1,5,"Delayed Union Formation"
105390000,1.05194222927094,1,5,"Delayed Union Formation"
107394000,1.19983506202698,1,4,"Late & Diverse Transitions"
107873000,0.978637039661407,0,5,"Delayed Union Formation"
109954000,1.3159738779068,1,1,"Persistent Single"
110610000,0.877045154571533,1,1,"Persistent Single"
111849000,0.41058760881424,1,4,"Late & Diverse Transitions"
113432000,0.591290354728699,0,2,"Early Family Formation"
114258000,0.913493454456329,1,1,"Persistent Single"
116702000,2.02584385871887,1,4,"Late & Diverse Transitions"
117064000,0.955492198467255,0,5,"Delayed Union Formation"
118356000,0.743095993995667,1,5,"Delayed Union Formation"
118533000,1.72256994247437,0,2,"Early Family Formation"
119542000,1.65149581432343,0,1,"Persistent Single"
120284000,1.75041842460632,0,1,"Persistent Single"
120372000,0.850221753120422,0,1,"Persistent Single"
120659000,0.38249534368515,1,4,"Late & Diverse Transitions"
122017000,0.653077185153961,1,4,"Late & Diverse Transitions"
122141000,1.19497036933899,1,3,"Stable Married, One Child"
122556000,1.78960311412811,0,1,"Persistent Single"
123583000,1.40289127826691,1,3,"Stable Married, One Child"
123827000,1.06822144985199,0,1,"Persistent Single"
124084000,0.425215393304825,1,4,"Late & Diverse Transitions"
124342000,0.599352240562439,0,4,"Late & Diverse Transitions"
124996000,1.41075766086578,0,2,"Early Family Formation"
125240000,0.659446597099304,1,5,"Delayed Union Formation"
127557000,1.59306263923645,1,5,"Delayed Union Formation"
129996000,0.761928260326385,1,2,"Early Family Formation"
130081000,2.12478685379028,1,2,"Early Family Formation"
130222000,3.49733781814575,0,2,"Early Family Formation"
131407000,1.32861912250519,0,2,"Early Family Formation"
131548000,1.34860932826996,0,5,"Delayed Union Formation"
133145000,2.97503089904785,1,2,"Early Family Formation"
133474000,0.654425323009491,0,5,"Delayed Union Formation"
133500000,0.941990852355957,1,4,"Late & Diverse Transitions"
133955000,2.0333297252655,1,2,"Early Family Formation"
134796000,0.909159600734711,0,5,"Delayed Union Formation"
135811000,1.25622820854187,1,1,"Persistent Single"
136160000,2.18776369094849,0,4,"Late & Diverse Transitions"
136558000,1.20604431629181,1,1,"Persistent Single"
137031000,2.20039439201355,1,5,"Delayed Union Formation"
137685000,1.34296178817749,1,4,"Late & Diverse Transitions"
139457000,2.03726959228516,1,5,"Delayed Union Formation"
142841000,0.796635866165161,1,1,"Persistent Single"
144292000,3.18884110450745,1,1,"Persistent Single"
145772000,9.1004753112793,1,5,"Delayed Union Formation"
146330000,2.09726476669312,0,1,"Persistent Single"
148583000,1.40420830249786,0,5,"Delayed Union Formation"
149379000,1.71036517620087,0,1,"Persistent Single"
150252000,1.28168559074402,1,1,"Persistent Single"
151831000,0.991446077823639,1,1,"Persistent Single"
151982000,0.71277779340744,0,1,"Persistent Single"
152261000,1.89717733860016,1,2,"Early Family Formation"
153963000,0.238176971673965,0,3,"Stable Married, One Child"
155493000,0.56525182723999,0,2,"Early Family Formation"
155667000,1.87726604938507,0,2,"Early Family Formation"
157976000,1.54532635211945,1,2,"Early Family Formation"
160586000,0.362025916576385,0,1,"Persistent Single"
161089000,1.0592622756958,1,1,"Persistent Single"
162124000,0.925077974796295,1,1,"Persistent Single"
163570000,0.914943873882294,0,4,"Late & Diverse Transitions"
164278000,1.32962143421173,0,2,"Early Family Formation"
166058000,0.25844407081604,1,2,"Early Family Formation"
166381000,1.21313297748566,0,1,"Persistent Single"
166701000,1.76329123973846,1,2,"Early Family Formation"
166739000,0.736131250858307,1,5,"Delayed Union Formation"
166748000,0.525045156478882,0,1,"Persistent Single"
167863000,3.65969061851501,0,2,"Early Family Formation"
168818000,1.68511092662811,0,2,"Early Family Formation"
169208000,1.1909122467041,0,5,"Delayed Union Formation"
169437000,2.23910737037659,1,2,"Early Family Formation"
170448000,0.942905604839325,0,5,"Delayed Union Formation"
173152000,0.912726998329163,1,1,"Persistent Single"
176459000,0.286103218793869,1,4,"Late & Diverse Transitions"
176945000,1.49383676052094,0,5,"Delayed Union Formation"
177662000,1.84029877185822,1,1,"Persistent Single"
177737000,1.35779058933258,0,3,"Stable Married, One Child"
179755000,1.23528754711151,0,1,"Persistent Single"
180726000,0.840610444545746,0,3,"Stable Married, One Child"
181290000,1.90947473049164,1,5,"Delayed Union Formation"
1.82e+08,0.335749357938766,1,1,"Persistent Single"
182320000,1.20190489292145,1,5,"Delayed Union Formation"
183758000,1.09408128261566,1,5,"Delayed Union Formation"
183910000,1.7677389383316,1,2,"Early Family Formation"
186052000,1.56184160709381,1,3,"Stable Married, One Child"
186151000,1.11607933044434,0,5,"Delayed Union Formation"
186563000,1.50238752365112,1,5,"Delayed Union Formation"
188914000,1.47392141819,1,5,"Delayed Union Formation"
190785000,1.92912912368774,1,2,"Early Family Formation"
191394000,0.960304319858551,1,1,"Persistent Single"
192969000,1.41419291496277,1,5,"Delayed Union Formation"
193684000,1.17964506149292,1,5,"Delayed Union Formation"
194417000,2.10698556900024,1,1,"Persistent Single"
194567000,1.76216948032379,1,1,"Persistent Single"
194802000,0.910760641098022,1,2,"Early Family Formation"
195255000,0.468996345996857,0,4,"Late & Diverse Transitions"
195271000,1.29959964752197,0,2,"Early Family Formation"
195736000,0.855973899364471,1,5,"Delayed Union Formation"
196788000,0.583356440067291,0,1,"Persistent Single"
196923000,1.1829993724823,1,1,"Persistent Single"
198210000,0.440709680318832,1,4,"Late & Diverse Transitions"
198387000,0.723157107830048,1,2,"Early Family Formation"
198903000,1.18106305599213,0,4,"Late & Diverse Transitions"
200068000,0.702560722827911,1,3,"Stable Married, One Child"
201274000,0.339136123657227,1,5,"Delayed Union Formation"
201802000,1.28408062458038,0,5,"Delayed Union Formation"
203704000,0.688475966453552,0,2,"Early Family Formation"
204884000,0.31379097700119,1,1,"Persistent Single"
205325000,0.918892443180084,0,4,"Late & Diverse Transitions"
205669000,2.04343843460083,1,2,"Early Family Formation"
206783000,6.44048452377319,0,5,"Delayed Union Formation"
207437000,0.530788958072662,1,4,"Late & Diverse Transitions"
207896000,1.77742457389832,0,3,"Stable Married, One Child"
208625000,1.35816931724548,0,2,"Early Family Formation"
208756000,0.430955499410629,0,5,"Delayed Union Formation"
209102000,2.77563571929932,1,2,"Early Family Formation"
211081000,1.59091877937317,1,1,"Persistent Single"
212148000,1.10271525382996,1,5,"Delayed Union Formation"
212313000,0.792848944664001,1,1,"Persistent Single"
214187000,0.687788069248199,0,1,"Persistent Single"
214301000,1.24678122997284,1,5,"Delayed Union Formation"
216598000,1.95716750621796,0,1,"Persistent Single"
216798000,0.914167881011963,1,3,"Stable Married, One Child"
217524000,0.487069815397263,1,3,"Stable Married, One Child"
217811000,0.61079066991806,1,4,"Late & Diverse Transitions"
218456000,1.79704034328461,1,3,"Stable Married, One Child"
218615000,1.35882592201233,1,1,"Persistent Single"
221712000,0.489936500787735,1,4,"Late & Diverse Transitions"
222170000,1.86844003200531,1,4,"Late & Diverse Transitions"
222250000,1.59504127502441,0,5,"Delayed Union Formation"
223372000,0.963087499141693,1,1,"Persistent Single"
223411000,0.508522391319275,1,1,"Persistent Single"
224096000,1.66521155834198,0,1,"Persistent Single"
224167000,1.16685485839844,0,4,"Late & Diverse Transitions"
225472000,1.2342324256897,1,2,"Early Family Formation"
227905000,1.47190737724304,1,2,"Early Family Formation"
227970000,1.09633576869965,0,2,"Early Family Formation"
228193000,2.39450621604919,0,1,"Persistent Single"
228376000,1.12223029136658,1,2,"Early Family Formation"
229744000,1.64592981338501,0,4,"Late & Diverse Transitions"
230149000,1.99288296699524,0,2,"Early Family Formation"
230458000,0.66438215970993,0,3,"Stable Married, One Child"
231958000,2.04548668861389,1,3,"Stable Married, One Child"
232490000,0.586944997310638,1,3,"Stable Married, One Child"
232696000,0.738411426544189,1,3,"Stable Married, One Child"
233478000,1.37017250061035,0,5,"Delayed Union Formation"
234469000,1.63027894496918,1,5,"Delayed Union Formation"
236538000,3.35677146911621,0,1,"Persistent Single"
237142000,0.987191915512085,0,1,"Persistent Single"
237508000,2.92084050178528,0,3,"Stable Married, One Child"
239909000,0.607325375080109,1,5,"Delayed Union Formation"
240570000,0.336547642946243,0,1,"Persistent Single"
241119000,0.67214572429657,1,1,"Persistent Single"
242471000,0.951970040798187,1,5,"Delayed Union Formation"
242889000,0.46656459569931,1,5,"Delayed Union Formation"
243610000,3.59968447685242,1,5,"Delayed Union Formation"
244227000,2.29691576957703,1,5,"Delayed Union Formation"
244406000,0.459743559360504,1,4,"Late & Diverse Transitions"
246064000,1.03052830696106,0,4,"Late & Diverse Transitions"
246806000,0.583051383495331,1,4,"Late & Diverse Transitions"
247322000,1.07685506343842,0,2,"Early Family Formation"
248094000,0.912333607673645,1,1,"Persistent Single"
248801000,1.44931101799011,0,2,"Early Family Formation"
248893000,0.430159747600555,0,5,"Delayed Union Formation"
250958000,0.762419939041138,1,1,"Persistent Single"
251210000,1.23995280265808,1,1,"Persistent Single"
251242000,0.253708064556122,0,2,"Early Family Formation"
251398000,0.890645802021027,1,1,"Persistent Single"
254464000,2.0399923324585,0,1,"Persistent Single"
255426000,0.514501392841339,1,1,"Persistent Single"
255911000,2.05832934379578,0,5,"Delayed Union Formation"
256952000,1.50382733345032,1,5,"Delayed Union Formation"
261306000,1.32169461250305,0,2,"Early Family Formation"
261594000,0.914730489253998,0,2,"Early Family Formation"
261826000,1.43885457515717,1,5,"Delayed Union Formation"
264520000,0.978590965270996,1,4,"Late & Diverse Transitions"
265284000,1.49468374252319,0,5,"Delayed Union Formation"
265780000,1.93190920352936,0,5,"Delayed Union Formation"
266558000,1.88202166557312,1,2,"Early Family Formation"
267074000,1.09648418426514,0,5,"Delayed Union Formation"
267082000,0.417829364538193,0,2,"Early Family Formation"
267534000,1.32097768783569,0,2,"Early Family Formation"
268843000,0.448217213153839,1,3,"Stable Married, One Child"
269216000,0.922216594219208,1,3,"Stable Married, One Child"
270916000,2.30561470985413,0,3,"Stable Married, One Child"
271206000,1.39767563343048,1,5,"Delayed Union Formation"
271873000,1.66205370426178,1,5,"Delayed Union Formation"
274163000,1.04532706737518,0,1,"Persistent Single"
274310000,1.53404545783997,0,2,"Early Family Formation"
277300000,2.48764586448669,0,1,"Persistent Single"
277546000,0.588122487068176,1,5,"Delayed Union Formation"
281253000,3.24035310745239,0,2,"Early Family Formation"
281494000,0.958050549030304,1,2,"Early Family Formation"
281501000,0.511913001537323,1,5,"Delayed Union Formation"
281611000,0.276417225599289,0,1,"Persistent Single"
285323000,2.35769939422607,0,5,"Delayed Union Formation"
285377000,2.72000217437744,1,1,"Persistent Single"
286639000,1.30118501186371,0,5,"Delayed Union Formation"
288673000,1.49992752075195,1,1,"Persistent Single"
290549000,2.28233671188354,0,2,"Early Family Formation"
291499000,1.29354226589203,1,5,"Delayed Union Formation"
292284000,0.760590791702271,1,4,"Late & Diverse Transitions"
293768000,1.4211151599884,1,1,"Persistent Single"
294454000,0.72594428062439,1,1,"Persistent Single"
298206000,0.913661360740662,1,5,"Delayed Union Formation"
301130000,1.23951983451843,0,1,"Persistent Single"
301266000,2.56066250801086,1,2,"Early Family Formation"
302410000,1.23666667938232,1,1,"Persistent Single"
303017000,0.683934986591339,1,1,"Persistent Single"
303020000,1.02766537666321,0,5,"Delayed Union Formation"
305189000,1.50319623947144,1,2,"Early Family Formation"
305965000,1.15883135795593,0,1,"Persistent Single"
306041000,1.80935645103455,1,4,"Late & Diverse Transitions"
306601000,2.77177953720093,1,5,"Delayed Union Formation"
307848000,0.366541564464569,1,5,"Delayed Union Formation"
308041000,1.71996247768402,0,1,"Persistent Single"
308874000,3.04568457603455,1,5,"Delayed Union Formation"
311226000,0.914254307746887,1,1,"Persistent Single"
312439000,0.331802248954773,0,4,"Late & Diverse Transitions"
312900000,2.14757227897644,0,2,"Early Family Formation"
312937000,0.386548817157745,0,5,"Delayed Union Formation"
314208000,1.11063992977142,0,1,"Persistent Single"
315902000,0.450784295797348,1,5,"Delayed Union Formation"
316487000,3.11053156852722,1,1,"Persistent Single"
318024000,3.10681629180908,1,2,"Early Family Formation"
320191000,1.50394809246063,1,2,"Early Family Formation"
321598000,0.653870642185211,1,4,"Late & Diverse Transitions"
322120000,1.46513032913208,1,5,"Delayed Union Formation"
322308000,1.12578856945038,0,2,"Early Family Formation"
323516000,1.26445043087006,1,1,"Persistent Single"
325644000,0.700030028820038,0,5,"Delayed Union Formation"
326109000,1.35662066936493,0,1,"Persistent Single"
326272000,0.590000689029694,1,1,"Persistent Single"
327824000,0.351811587810516,0,2,"Early Family Formation"
329045000,1.00435924530029,1,1,"Persistent Single"
329784000,1.42801547050476,1,1,"Persistent Single"
331092000,1.53518390655518,0,2,"Early Family Formation"
332207000,0.73030823469162,0,5,"Delayed Union Formation"
332789000,1.0553035736084,1,1,"Persistent Single"
332836000,1.49840545654297,1,3,"Stable Married, One Child"
333694000,0.345104485750198,0,5,"Delayed Union Formation"
335218000,1.12878167629242,1,3,"Stable Married, One Child"
339603000,0.738042533397675,1,5,"Delayed Union Formation"
340759000,1.29186987876892,0,1,"Persistent Single"
342796000,0.950449228286743,0,2,"Early Family Formation"
343252000,2.70036602020264,1,5,"Delayed Union Formation"
343977000,0.297054320573807,1,4,"Late & Diverse Transitions"
345464000,0.629344522953033,0,5,"Delayed Union Formation"
346288000,1.67335915565491,1,1,"Persistent Single"
346749000,1.05217373371124,0,5,"Delayed Union Formation"
346757000,3.37146401405334,1,1,"Persistent Single"
347419000,0.487819492816925,1,5,"Delayed Union Formation"
347844000,0.939659655094147,0,4,"Late & Diverse Transitions"
350598000,0.434652268886566,1,3,"Stable Married, One Child"
351368000,0.783580899238586,0,2,"Early Family Formation"
352683000,0.266787350177765,0,5,"Delayed Union Formation"
354600000,0.762892782688141,1,3,"Stable Married, One Child"
355323000,1.04869282245636,0,5,"Delayed Union Formation"
356580000,2.59271097183228,1,2,"Early Family Formation"
356963000,1.02407598495483,1,5,"Delayed Union Formation"
357454000,1.23593378067017,0,5,"Delayed Union Formation"
359593000,1.23416590690613,1,2,"Early Family Formation"
359992000,0.568305373191833,1,3,"Stable Married, One Child"
361133000,0.666700720787048,0,5,"Delayed Union Formation"
361368000,2.133465051651,0,1,"Persistent Single"
361454000,1.41254448890686,0,2,"Early Family Formation"
362220000,0.420872062444687,0,2,"Early Family Formation"
363216000,1.23520004749298,0,2,"Early Family Formation"
363650000,0.634135961532593,0,4,"Late & Diverse Transitions"
365369000,0.978716135025024,1,2,"Early Family Formation"
365632000,1.47403335571289,1,5,"Delayed Union Formation"
367567000,1.61638236045837,0,2,"Early Family Formation"
368606000,1.00994110107422,0,2,"Early Family Formation"
369841000,0.296882599592209,1,4,"Late & Diverse Transitions"
370599000,0.56609445810318,1,1,"Persistent Single"
370701000,1.92372465133667,1,5,"Delayed Union Formation"
371502000,2.08028030395508,1,5,"Delayed Union Formation"
371681000,0.793351113796234,1,1,"Persistent Single"
372187000,1.13412892818451,0,3,"Stable Married, One Child"
372653000,1.07207405567169,0,2,"Early Family Formation"
374226000,1.0500568151474,0,1,"Persistent Single"
376096000,4.0407862663269,0,2,"Early Family Formation"
376660000,2.2727210521698,0,1,"Persistent Single"
376747000,1.20351338386536,1,5,"Delayed Union Formation"
377376000,0.955194056034088,1,5,"Delayed Union Formation"
377948000,1.43949592113495,0,1,"Persistent Single"
378192000,1.25542664527893,1,2,"Early Family Formation"
379202000,0.497460216283798,1,3,"Stable Married, One Child"
379600000,1.37692308425903,0,2,"Early Family Formation"
382069000,2.14968752861023,1,5,"Delayed Union Formation"
383800000,1.85979056358337,1,1,"Persistent Single"
384856000,1.68922030925751,0,2,"Early Family Formation"
385904000,0.53426867723465,0,3,"Stable Married, One Child"
386327000,3.32821178436279,0,2,"Early Family Formation"
387393000,1.58749759197235,0,2,"Early Family Formation"
388181000,1.21380770206451,1,1,"Persistent Single"
390068000,0.564236402511597,0,5,"Delayed Union Formation"
390509000,0.670754551887512,1,5,"Delayed Union Formation"
391905000,1.0863676071167,1,2,"Early Family Formation"
392616000,1.80610322952271,1,3,"Stable Married, One Child"
392829000,0.810755252838135,1,1,"Persistent Single"
392864000,1.03049921989441,1,1,"Persistent Single"
394081000,1.91116297245026,0,5,"Delayed Union Formation"
395121000,0.794034779071808,0,1,"Persistent Single"
395945000,0.904500186443329,1,4,"Late & Diverse Transitions"
396485000,1.49883186817169,1,1,"Persistent Single"
396674000,0.555841267108917,1,5,"Delayed Union Formation"
396692000,0.582932531833649,1,1,"Persistent Single"
397235000,1.88559687137604,0,2,"Early Family Formation"
401369000,0.727259695529938,1,4,"Late & Diverse Transitions"
402594000,0.496048957109451,1,4,"Late & Diverse Transitions"
404867000,1.23476350307465,0,2,"Early Family Formation"
405352000,0.733074188232422,1,4,"Late & Diverse Transitions"
405484000,0.887083888053894,1,5,"Delayed Union Formation"
407425000,0.656991899013519,0,2,"Early Family Formation"
410662000,1.88246703147888,1,1,"Persistent Single"
410670000,2.56485843658447,0,2,"Early Family Formation"
410748000,2.2176628112793,1,5,"Delayed Union Formation"
411733000,1.13534891605377,0,3,"Stable Married, One Child"
412817000,1.1656676530838,1,2,"Early Family Formation"
413183000,4.1006498336792,1,2,"Early Family Formation"
413636000,0.481345117092133,0,5,"Delayed Union Formation"
414040000,1.19442510604858,1,4,"Late & Diverse Transitions"
415171000,1.25832998752594,0,4,"Late & Diverse Transitions"
415779000,1.46110117435455,1,1,"Persistent Single"
416406000,2.07319450378418,0,2,"Early Family Formation"
416459000,1.45441663265228,1,5,"Delayed Union Formation"
418232000,1.10081398487091,0,1,"Persistent Single"
419979000,1.53433752059937,1,5,"Delayed Union Formation"
420086000,2.0622181892395,0,2,"Early Family Formation"
420281000,1.24705827236176,0,2,"Early Family Formation"
420307000,0.469382017850876,0,3,"Stable Married, One Child"
423091000,2.49977612495422,1,5,"Delayed Union Formation"
423343000,2.25449299812317,0,3,"Stable Married, One Child"
425684000,0.96058577299118,1,4,"Late & Diverse Transitions"
426690000,0.619373321533203,0,5,"Delayed Union Formation"
427149000,1.97701323032379,1,2,"Early Family Formation"
427703000,1.46689915657043,0,1,"Persistent Single"
427921000,0.930587470531464,1,4,"Late & Diverse Transitions"
428053000,1.14433562755585,1,5,"Delayed Union Formation"
429851000,0.613724768161774,0,3,"Stable Married, One Child"
431196000,1.13018667697906,0,5,"Delayed Union Formation"
432496000,0.490822702646255,0,1,"Persistent Single"
432649000,1.42789590358734,1,5,"Delayed Union Formation"
432843000,1.15597903728485,0,2,"Early Family Formation"
434807000,1.25230085849762,1,2,"Early Family Formation"
435636000,1.16815209388733,0,5,"Delayed Union Formation"
436776000,0.432472705841064,0,2,"Early Family Formation"
437053000,1.78547561168671,1,5,"Delayed Union Formation"
438269000,1.09781575202942,0,1,"Persistent Single"
438522000,2.78707194328308,1,5,"Delayed Union Formation"
439571000,3.37835955619812,0,2,"Early Family Formation"
440609000,0.754797995090485,1,5,"Delayed Union Formation"
442357000,0.375975430011749,0,2,"Early Family Formation"
442360000,0.886924207210541,1,1,"Persistent Single"
443638000,1.02933990955353,1,4,"Late & Diverse Transitions"
444747000,1.3803448677063,1,1,"Persistent Single"
445119000,0.845079779624939,1,1,"Persistent Single"
446692000,1.27681732177734,0,2,"Early Family Formation"
447310000,2.56339144706726,1,1,"Persistent Single"
447659000,1.30541622638702,0,2,"Early Family Formation"
451898000,0.821963787078857,1,3,"Stable Married, One Child"
453910000,1.79504001140594,0,1,"Persistent Single"
455204000,0.237595707178116,0,1,"Persistent Single"
455434000,0.936120092868805,1,4,"Late & Diverse Transitions"
455665000,2.49649286270142,0,3,"Stable Married, One Child"
455735000,1.82453954219818,1,5,"Delayed Union Formation"
456019000,2.98729014396667,1,2,"Early Family Formation"
456508000,1.03153109550476,0,4,"Late & Diverse Transitions"
456789000,3.3288300037384,0,2,"Early Family Formation"
457711000,0.63990980386734,0,2,"Early Family Formation"
458903000,1.84114456176758,1,3,"Stable Married, One Child"
459039000,0.349956810474396,0,3,"Stable Married, One Child"
459061000,1.53167676925659,0,2,"Early Family Formation"
459404000,0.538546442985535,1,3,"Stable Married, One Child"
459740000,0.76445335149765,0,5,"Delayed Union Formation"
461001000,1.4684534072876,1,3,"Stable Married, One Child"
461549000,0.73365443944931,1,5,"Delayed Union Formation"
462847000,0.427251696586609,0,2,"Early Family Formation"
463168000,1.11704730987549,1,4,"Late & Diverse Transitions"
463922000,1.07322371006012,0,1,"Persistent Single"
467291000,0.26610592007637,0,2,"Early Family Formation"
468273000,0.632999837398529,1,2,"Early Family Formation"
470012000,1.15602052211761,1,1,"Persistent Single"
471923000,0.382341027259827,1,1,"Persistent Single"
473361000,1.25173401832581,0,3,"Stable Married, One Child"
474478000,0.422455668449402,0,1,"Persistent Single"
475310000,1.69945347309113,0,1,"Persistent Single"
478750000,1.94205212593079,0,2,"Early Family Formation"
480212000,0.763175487518311,1,2,"Early Family Formation"
480263000,2.20422506332397,0,4,"Late & Diverse Transitions"
480915000,0.512307941913605,0,2,"Early Family Formation"
480937000,0.885438144207001,1,3,"Stable Married, One Child"
481432000,1.57261860370636,1,2,"Early Family Formation"
482756000,1.17591679096222,1,1,"Persistent Single"
484258000,2.20117902755737,0,1,"Persistent Single"
485251000,1.01134991645813,1,1,"Persistent Single"
486196000,0.240126565098763,1,4,"Late & Diverse Transitions"
487425000,0.730513274669647,0,2,"Early Family Formation"
488144000,1.81731057167053,0,2,"Early Family Formation"
490864000,1.04517877101898,1,1,"Persistent Single"
491888000,0.540078699588776,0,1,"Persistent Single"
492223000,2.61343598365784,0,5,"Delayed Union Formation"
493185000,1.62449491024017,0,2,"Early Family Formation"
493260000,1.43309092521667,1,3,"Stable Married, One Child"
494783000,2.13251686096191,0,4,"Late & Diverse Transitions"
495535000,1.89463496208191,0,2,"Early Family Formation"
496815000,0.919850945472717,0,2,"Early Family Formation"
498342000,1.7703937292099,1,1,"Persistent Single"
500117000,0.856251835823059,1,5,"Delayed Union Formation"
500127000,1.1915956735611,1,1,"Persistent Single"
500573000,0.878029525279999,1,5,"Delayed Union Formation"
500973000,0.885236203670502,1,5,"Delayed Union Formation"
501252000,1.94328606128693,0,2,"Early Family Formation"
502432000,0.881543695926666,1,1,"Persistent Single"
503952000,0.823225021362305,0,1,"Persistent Single"
505725000,0.633688867092133,1,2,"Early Family Formation"
506324000,0.529972016811371,0,2,"Early Family Formation"
506474000,1.23535239696503,1,2,"Early Family Formation"
506698000,2.81186485290527,0,1,"Persistent Single"
507616000,1.68399524688721,0,3,"Stable Married, One Child"
509352000,1.62903213500977,0,2,"Early Family Formation"
509854000,0.652710437774658,1,4,"Late & Diverse Transitions"
510161000,0.352355867624283,1,1,"Persistent Single"
510221000,1.16938269138336,0,1,"Persistent Single"
510364000,1.07727408409119,0,1,"Persistent Single"
511093000,0.362183034420013,1,2,"Early Family Formation"
512332000,1.21694445610046,0,4,"Late & Diverse Transitions"
512426000,1.37499117851257,0,5,"Delayed Union Formation"
512511000,1.45430707931519,1,1,"Persistent Single"
514697000,1.54059362411499,1,5,"Delayed Union Formation"
515103000,0.948213279247284,1,5,"Delayed Union Formation"
516812000,1.24940466880798,0,4,"Late & Diverse Transitions"
517179000,1.31274557113647,1,5,"Delayed Union Formation"
517629000,1.54908311367035,1,2,"Early Family Formation"
517912000,2.11295652389526,0,4,"Late & Diverse Transitions"
518344000,1.65794730186462,0,4,"Late & Diverse Transitions"
518528000,2.20305013656616,0,1,"Persistent Single"
519340000,1.15418601036072,0,2,"Early Family Formation"
519780000,1.07540535926819,0,5,"Delayed Union Formation"
520530000,0.409966737031937,1,4,"Late & Diverse Transitions"
520546000,0.775818347930908,1,1,"Persistent Single"
521973000,2.32685708999634,0,1,"Persistent Single"
522136000,1.3436244726181,0,1,"Persistent Single"
524183000,1.82064807415009,0,2,"Early Family Formation"
525223000,0.597416281700134,1,1,"Persistent Single"
528051000,1.37667942047119,0,2,"Early Family Formation"
530260000,0.435709565877914,0,4,"Late & Diverse Transitions"
530544000,0.83732146024704,1,2,"Early Family Formation"
533514000,0.99398547410965,0,1,"Persistent Single"
538244000,2.29828524589539,0,1,"Persistent Single"
538852000,1.64395487308502,0,2,"Early Family Formation"
538975000,5.38093852996826,0,2,"Early Family Formation"
538988000,1.02701842784882,1,5,"Delayed Union Formation"
539311000,2.11426281929016,1,2,"Early Family Formation"
540156000,1.7771532535553,0,5,"Delayed Union Formation"
540254000,2.28750467300415,0,5,"Delayed Union Formation"
541051000,1.47623193264008,1,1,"Persistent Single"
542101000,1.01245331764221,0,1,"Persistent Single"
546156000,1.2409280538559,0,5,"Delayed Union Formation"
546599000,0.617181956768036,0,5,"Delayed Union Formation"
547201000,1.04620218276978,1,1,"Persistent Single"
548296000,3.40492606163025,0,2,"Early Family Formation"
548388000,0.732019901275635,1,5,"Delayed Union Formation"
551150000,1.24934756755829,1,3,"Stable Married, One Child"
552453000,0.404475390911102,0,3,"Stable Married, One Child"
553086000,1.24892127513885,1,3,"Stable Married, One Child"
553539000,1.59789252281189,0,2,"Early Family Formation"
554148000,1.14816212654114,0,2,"Early Family Formation"
554340000,0.91794228553772,1,1,"Persistent Single"
554588000,0.494736820459366,1,2,"Early Family Formation"
555892000,1.02984893321991,0,3,"Stable Married, One Child"
556488000,0.789419770240784,0,2,"Early Family Formation"
557149000,0.956565320491791,1,1,"Persistent Single"
557986000,1.7201429605484,1,4,"Late & Diverse Transitions"
558427000,1.13702094554901,0,3,"Stable Married, One Child"
559054000,0.250621318817139,1,5,"Delayed Union Formation"
559344000,2.48562932014465,0,4,"Late & Diverse Transitions"
559422000,0.511237680912018,1,4,"Late & Diverse Transitions"
560620000,2.21117401123047,0,2,"Early Family Formation"
560686000,0.376362293958664,1,1,"Persistent Single"
561275000,1.746098279953,1,5,"Delayed Union Formation"
562135000,0.749937772750854,1,1,"Persistent Single"
562989000,2.38947463035583,0,2,"Early Family Formation"
563655000,1.18407893180847,0,5,"Delayed Union Formation"
565927000,1.90036749839783,0,2,"Early Family Formation"
565951000,1.4047372341156,0,2,"Early Family Formation"
566284000,1.85537779331207,0,4,"Late & Diverse Transitions"
567169000,1.19600975513458,1,1,"Persistent Single"
567250000,0.948982536792755,1,1,"Persistent Single"
567262000,1.75606870651245,1,1,"Persistent Single"
567471000,0.974917769432068,1,1,"Persistent Single"
567943000,1.36906158924103,1,2,"Early Family Formation"
567969000,0.377863734960556,1,4,"Late & Diverse Transitions"
568115000,0.748575627803802,0,2,"Early Family Formation"
568859000,0.701844871044159,1,2,"Early Family Formation"
569321000,0.810755252838135,1,3,"Stable Married, One Child"
570234000,1.42438137531281,1,5,"Delayed Union Formation"
571332000,1.01938438415527,0,2,"Early Family Formation"
574608000,1.58598041534424,0,1,"Persistent Single"
574793000,0.317420214414597,1,1,"Persistent Single"
574874000,0.438032805919647,0,1,"Persistent Single"
575612000,0.443281143903732,1,3,"Stable Married, One Child"
576429000,0.823098242282867,1,1,"Persistent Single"
576531000,0.832978308200836,0,2,"Early Family Formation"
577550000,4.45566368103027,0,5,"Delayed Union Formation"
580621000,1.05900168418884,1,1,"Persistent Single"
581732000,0.786349356174469,1,5,"Delayed Union Formation"
582841000,1.33215391635895,1,5,"Delayed Union Formation"
584860000,0.681334495544434,0,5,"Delayed Union Formation"
585131000,1.20206892490387,0,3,"Stable Married, One Child"
585200000,0.403881251811981,1,2,"Early Family Formation"
586363000,0.750451266765594,1,3,"Stable Married, One Child"
588987000,0.400913327932358,1,5,"Delayed Union Formation"
589501000,1.85354518890381,1,1,"Persistent Single"
589975000,0.928440511226654,1,1,"Persistent Single"
590154000,2.59714293479919,0,2,"Early Family Formation"
591101000,0.871408402919769,0,4,"Late & Diverse Transitions"
592091000,1.98248696327209,1,5,"Delayed Union Formation"
592110000,0.68392950296402,0,3,"Stable Married, One Child"
594009000,0.606422662734985,0,2,"Early Family Formation"
595967000,0.656785786151886,0,4,"Late & Diverse Transitions"
596992000,1.14560854434967,1,1,"Persistent Single"
597481000,2.39609503746033,0,2,"Early Family Formation"
598516000,0.633295893669128,0,5,"Delayed Union Formation"
599022000,2.0438334941864,0,1,"Persistent Single"
599289000,1.23535239696503,1,5,"Delayed Union Formation"
600142000,1.75579369068146,1,5,"Delayed Union Formation"
603111000,4.41705560684204,0,2,"Early Family Formation"
603203000,2.42330384254456,0,1,"Persistent Single"
603555000,1.89414978027344,0,5,"Delayed Union Formation"
603576000,1.0421667098999,1,1,"Persistent Single"
603920000,1.51143026351929,0,3,"Stable Married, One Child"
604781000,2.44694209098816,0,2,"Early Family Formation"
605351000,0.727600991725922,1,5,"Delayed Union Formation"
605552000,0.929958462715149,1,4,"Late & Diverse Transitions"
606462000,0.793757259845734,0,2,"Early Family Formation"
609745000,0.806508719921112,0,4,"Late & Diverse Transitions"
609910000,0.814663529396057,1,5,"Delayed Union Formation"
610681000,1.58434343338013,1,5,"Delayed Union Formation"
616907000,0.389460682868958,1,4,"Late & Diverse Transitions"
617637000,0.595874309539795,0,1,"Persistent Single"
617966000,1.09833812713623,0,2,"Early Family Formation"
619236000,0.50504469871521,1,4,"Late & Diverse Transitions"
619445000,0.702712118625641,0,4,"Late & Diverse Transitions"
619683000,1.1322283744812,1,5,"Delayed Union Formation"
620227000,1.24868369102478,0,3,"Stable Married, One Child"
620648000,1.67794024944305,0,1,"Persistent Single"
621137000,0.984670758247375,1,1,"Persistent Single"
621235000,0.448389917612076,0,5,"Delayed Union Formation"
621558000,2.19839525222778,0,4,"Late & Diverse Transitions"
623207000,2.18067669868469,1,2,"Early Family Formation"
624625000,1.76365292072296,1,4,"Late & Diverse Transitions"
625231000,0.472427725791931,1,3,"Stable Married, One Child"
625582000,4.41184854507446,1,2,"Early Family Formation"
626243000,1.32376050949097,1,5,"Delayed Union Formation"
626592000,0.776988208293915,1,1,"Persistent Single"
6.28e+08,2.79455757141113,1,3,"Stable Married, One Child"
629309000,1.16226994991302,0,2,"Early Family Formation"
630132000,0.354353576898575,1,4,"Late & Diverse Transitions"
630336000,1.53556156158447,1,5,"Delayed Union Formation"
634885000,0.914848208427429,0,2,"Early Family Formation"
636188000,1.31559252738953,1,5,"Delayed Union Formation"
636274000,1.54191839694977,1,1,"Persistent Single"
637090000,0.578081607818604,1,3,"Stable Married, One Child"
637847000,1.45601737499237,1,1,"Persistent Single"
639624000,1.93470442295074,0,2,"Early Family Formation"
640709000,1.29970729351044,1,1,"Persistent Single"
640711000,1.23353207111359,0,1,"Persistent Single"
641284000,1.09644842147827,0,2,"Early Family Formation"
645179000,1.08395600318909,1,3,"Stable Married, One Child"
648256000,2.72311973571777,1,2,"Early Family Formation"
648494000,2.62238097190857,0,2,"Early Family Formation"
650772000,0.719650506973267,1,1,"Persistent Single"
651911000,1.14196741580963,1,2,"Early Family Formation"
653138000,0.523100674152374,0,3,"Stable Married, One Child"
653994000,0.951521694660187,0,1,"Persistent Single"
655900000,1.00697290897369,0,1,"Persistent Single"
657037000,2.05171942710876,1,2,"Early Family Formation"
658058000,1.98162519931793,0,1,"Persistent Single"
659381000,1.36728501319885,0,2,"Early Family Formation"
660174000,1.70590090751648,1,5,"Delayed Union Formation"
662248000,1.45303535461426,0,2,"Early Family Formation"
663544000,2.35279583930969,0,5,"Delayed Union Formation"
664073000,1.72347831726074,0,2,"Early Family Formation"
664691000,1.86052119731903,1,2,"Early Family Formation"
665243000,2.54048585891724,1,2,"Early Family Formation"
665804000,0.525204658508301,0,2,"Early Family Formation"
667052000,0.240635961294174,1,3,"Stable Married, One Child"
667489000,0.902597725391388,0,2,"Early Family Formation"
667569000,1.06341850757599,0,1,"Persistent Single"
671418000,1.84522700309753,0,2,"Early Family Formation"
672709000,0.757939577102661,1,5,"Delayed Union Formation"
673735000,1.3342376947403,1,5,"Delayed Union Formation"
674485000,0.533643782138824,0,2,"Early Family Formation"
674571000,0.975294470787048,0,5,"Delayed Union Formation"
674657000,1.12578856945038,0,1,"Persistent Single"
674723000,1.02173948287964,0,5,"Delayed Union Formation"
675320000,0.963889896869659,0,5,"Delayed Union Formation"
675690000,1.38313138484955,0,4,"Late & Diverse Transitions"
675845000,0.329516023397446,1,4,"Late & Diverse Transitions"
676334000,0.938244163990021,0,2,"Early Family Formation"
676481000,2.75615644454956,1,1,"Persistent Single"
676846000,0.77388322353363,1,1,"Persistent Single"
677636000,1.50182223320007,1,4,"Late & Diverse Transitions"
680018000,1.27895188331604,1,1,"Persistent Single"
680152000,1.06329262256622,0,1,"Persistent Single"
680712000,1.65325820446014,1,4,"Late & Diverse Transitions"
680987000,0.248271256685257,1,3,"Stable Married, One Child"
681407000,1.11957907676697,0,2,"Early Family Formation"
684807000,0.68215399980545,1,5,"Delayed Union Formation"
685371000,0.773203730583191,1,1,"Persistent Single"
685393000,0.901767194271088,1,4,"Late & Diverse Transitions"
685561000,1.64084899425507,0,5,"Delayed Union Formation"
686945000,0.732123136520386,1,2,"Early Family Formation"
688183000,2.06448364257812,1,2,"Early Family Formation"
688446000,1.0742312669754,1,1,"Persistent Single"
689292000,0.917388260364532,1,1,"Persistent Single"
690097000,1.235924243927,0,2,"Early Family Formation"
691481000,1.24056458473206,1,2,"Early Family Formation"
691537000,0.375453382730484,0,2,"Early Family Formation"
692427000,0.79666942358017,0,1,"Persistent Single"
692575000,1.50258994102478,1,4,"Late & Diverse Transitions"
693139000,2.12091851234436,1,5,"Delayed Union Formation"
693409000,2.36272382736206,0,2,"Early Family Formation"
695293000,0.744754552841187,0,2,"Early Family Formation"
695851000,0.566381335258484,0,1,"Persistent Single"
696374000,1.43689405918121,1,1,"Persistent Single"
696641000,3.026047706604,0,4,"Late & Diverse Transitions"
697357000,1.0325391292572,0,1,"Persistent Single"
698174000,1.91168093681335,0,2,"Early Family Formation"
698430000,1.16095340251923,1,4,"Late & Diverse Transitions"
698574000,1.32609808444977,0,2,"Early Family Formation"
700960000,0.357236683368683,0,3,"Stable Married, One Child"
701073000,1.09922015666962,1,2,"Early Family Formation"
701812000,0.787229955196381,1,2,"Early Family Formation"
705087000,0.885551035404205,0,2,"Early Family Formation"
706007000,0.595874309539795,0,5,"Delayed Union Formation"
706494000,1.69913375377655,1,1,"Persistent Single"
706868000,1.36191487312317,0,2,"Early Family Formation"
707993000,3.59427189826965,0,2,"Early Family Formation"
708905000,0.421018332242966,1,4,"Late & Diverse Transitions"
708951000,2.01323175430298,0,3,"Stable Married, One Child"
709089000,1.36100375652313,1,2,"Early Family Formation"
710208000,1.79182755947113,0,2,"Early Family Formation"
710638000,2.07880854606628,0,1,"Persistent Single"
711427000,0.77388322353363,1,1,"Persistent Single"
712608000,1.03558647632599,1,2,"Early Family Formation"
712617000,0.531577050685883,1,4,"Late & Diverse Transitions"
713180000,0.853753983974457,0,3,"Stable Married, One Child"
713749000,1.44695353507996,0,1,"Persistent Single"
714366000,1.50200533866882,1,2,"Early Family Formation"
714389000,1.14988577365875,0,5,"Delayed Union Formation"
714969000,1.72256994247437,0,1,"Persistent Single"
715668000,4.5177059173584,1,5,"Delayed Union Formation"
715938000,0.450628191232681,0,4,"Late & Diverse Transitions"
716605000,0.596258521080017,0,4,"Late & Diverse Transitions"
716834000,0.821019649505615,1,5,"Delayed Union Formation"
718037000,0.890023112297058,1,1,"Persistent Single"
718467000,1.35990703105927,1,2,"Early Family Formation"
718490000,0.619520425796509,0,5,"Delayed Union Formation"
718878000,1.06339299678802,0,1,"Persistent Single"
719709000,1.27570259571075,1,5,"Delayed Union Formation"
721130000,2.02294540405273,1,5,"Delayed Union Formation"
721931000,1.17147982120514,0,2,"Early Family Formation"
722361000,4.26226663589478,0,2,"Early Family Formation"
724833000,2.10150146484375,0,1,"Persistent Single"
726751000,0.762099742889404,0,4,"Late & Diverse Transitions"
727230000,2.11779761314392,0,5,"Delayed Union Formation"
727442000,2.05974507331848,0,4,"Late & Diverse Transitions"
727745000,1.0761547088623,0,2,"Early Family Formation"
728350000,0.856086373329163,0,4,"Late & Diverse Transitions"
728559000,0.959926247596741,1,5,"Delayed Union Formation"
730530000,0.940119743347168,0,1,"Persistent Single"
730544000,0.45720311999321,0,2,"Early Family Formation"
731481000,1.21121227741241,0,1,"Persistent Single"
733737000,0.476670324802399,1,1,"Persistent Single"
736309000,0.90180104970932,1,2,"Early Family Formation"
737847000,1.72198498249054,1,1,"Persistent Single"
738136000,1.51371383666992,1,3,"Stable Married, One Child"
739984000,0.989278256893158,0,5,"Delayed Union Formation"
740788000,1.61964559555054,1,1,"Persistent Single"
741931000,1.99071359634399,0,1,"Persistent Single"
742065000,0.624842762947083,0,1,"Persistent Single"
743226000,1.60588121414185,0,4,"Late & Diverse Transitions"
743342000,1.51707458496094,1,5,"Delayed Union Formation"
743452000,2.97200202941895,0,5,"Delayed Union Formation"
743971000,3.78870058059692,1,2,"Early Family Formation"
744008000,0.995458841323853,0,5,"Delayed Union Formation"
744524000,2.3749852180481,1,5,"Delayed Union Formation"
744877000,2.31811141967773,1,2,"Early Family Formation"
745551000,2.00826501846313,0,1,"Persistent Single"
745627000,5.56557941436768,1,1,"Persistent Single"
745765000,1.50918781757355,1,4,"Late & Diverse Transitions"
748577000,1.44143450260162,1,1,"Persistent Single"
748755000,1.71971642971039,1,1,"Persistent Single"
803214000,0.334594398736954,1,2,"Early Family Formation"
803308000,0.303915768861771,0,5,"Delayed Union Formation"
804145000,0.464932858943939,1,2,"Early Family Formation"
805277000,0.731022000312805,0,2,"Early Family Formation"
806151000,1.00138425827026,1,3,"Stable Married, One Child"
806207000,0.269364327192307,0,3,"Stable Married, One Child"
806349000,0.295464724302292,0,4,"Late & Diverse Transitions"
806717000,2.66664361953735,0,2,"Early Family Formation"
807683000,1.27873158454895,1,3,"Stable Married, One Child"
808155000,0.258731991052628,1,2,"Early Family Formation"
808644000,0.662096679210663,1,1,"Persistent Single"
808668000,0.299179345369339,1,1,"Persistent Single"
809713000,0.397306472063065,1,5,"Delayed Union Formation"
810114000,0.244260311126709,1,4,"Late & Diverse Transitions"
810140000,0.663794994354248,1,4,"Late & Diverse Transitions"
811183000,0.618083238601685,0,1,"Persistent Single"
811454000,0.811316132545471,1,3,"Stable Married, One Child"
812308000,0.795256614685059,0,2,"Early Family Formation"
812475000,1.06727004051208,0,3,"Stable Married, One Child"
814127000,0.340380996465683,0,2,"Early Family Formation"
814227000,0.402984142303467,1,5,"Delayed Union Formation"
815566000,0.583109080791473,0,2,"Early Family Formation"
816227000,0.790959239006042,0,4,"Late & Diverse Transitions"
816309000,0.38859748840332,0,5,"Delayed Union Formation"
816873000,0.285518527030945,0,1,"Persistent Single"
817205000,0.257370471954346,0,3,"Stable Married, One Child"
817288000,0.264243215322495,1,1,"Persistent Single"
817684000,0.45608326792717,0,3,"Stable Married, One Child"
818300000,0.831994473934174,1,5,"Delayed Union Formation"
819375000,2.46502828598022,1,2,"Early Family Formation"
819797000,0.669485211372375,0,2,"Early Family Formation"
821664000,0.66538268327713,1,1,"Persistent Single"
821766000,0.3714639544487,0,3,"Stable Married, One Child"
821874000,0.338529765605927,1,3,"Stable Married, One Child"
822043000,0.424834400415421,0,2,"Early Family Formation"
822414000,0.487154275178909,1,1,"Persistent Single"
823005000,3.23974704742432,0,2,"Early Family Formation"
823301000,0.273172616958618,0,3,"Stable Married, One Child"
824072000,0.651984393596649,0,1,"Persistent Single"
824099000,0.618753671646118,0,2,"Early Family Formation"
824171000,0.250329256057739,0,1,"Persistent Single"
825243000,0.313794523477554,0,5,"Delayed Union Formation"
825749000,0.779122233390808,0,1,"Persistent Single"
825962000,0.5499027967453,1,3,"Stable Married, One Child"
825996000,0.367933809757233,0,1,"Persistent Single"
826030000,0.301217436790466,0,5,"Delayed Union Formation"
826433000,0.260434836149216,0,2,"Early Family Formation"
828251000,0.259364902973175,1,3,"Stable Married, One Child"
828309000,1.05523025989532,0,4,"Late & Diverse Transitions"
828883000,0.748502016067505,0,4,"Late & Diverse Transitions"
829122000,0.34461122751236,0,1,"Persistent Single"
829786000,0.768209874629974,0,1,"Persistent Single"
829873000,0.326296210289001,0,1,"Persistent Single"
830184000,0.250362366437912,1,4,"Late & Diverse Transitions"
832597000,0.410493791103363,1,1,"Persistent Single"
834463000,0.291067063808441,1,1,"Persistent Single"
835148000,0.258613973855972,1,4,"Late & Diverse Transitions"
835311000,0.240589171648026,0,4,"Late & Diverse Transitions"
835831000,0.285811454057693,1,2,"Early Family Formation"
836055000,1.30062305927277,0,2,"Early Family Formation"
837154000,0.403332054615021,1,3,"Stable Married, One Child"
838663000,0.385113388299942,0,2,"Early Family Formation"
840612000,1.5971372127533,1,5,"Delayed Union Formation"
841492000,0.503706157207489,1,3,"Stable Married, One Child"
841722000,0.356279999017715,0,2,"Early Family Formation"
842813000,4.02600431442261,1,2,"Early Family Formation"
842895000,0.23676635324955,1,1,"Persistent Single"
843064000,0.251280546188354,0,4,"Late & Diverse Transitions"
843134000,0.614819049835205,0,5,"Delayed Union Formation"
844891000,0.689572930335999,1,1,"Persistent Single"
845051000,0.317655622959137,1,5,"Delayed Union Formation"
845124000,1.09061789512634,0,2,"Early Family Formation"
845366000,0.281333148479462,0,2,"Early Family Formation"
845499000,0.325506597757339,1,4,"Late & Diverse Transitions"
846003000,0.471367657184601,0,3,"Stable Married, One Child"
846592000,0.220477521419525,1,1,"Persistent Single"
846815000,1.09232497215271,1,1,"Persistent Single"
847484000,0.245331436395645,0,3,"Stable Married, One Child"
847729000,0.774257123470306,1,4,"Late & Diverse Transitions"
848205000,0.880895674228668,1,4,"Late & Diverse Transitions"
849268000,1.40846431255341,0,2,"Early Family Formation"
849817000,0.417387008666992,0,4,"Late & Diverse Transitions"
849933000,0.26622673869133,0,1,"Persistent Single"
850569000,0.25748199224472,1,5,"Delayed Union Formation"
851008000,0.785333573818207,1,1,"Persistent Single"
851474000,0.25408947467804,0,2,"Early Family Formation"
851649000,0.642486870288849,0,1,"Persistent Single"
853045000,7.65987491607666,0,4,"Late & Diverse Transitions"
855248000,1.63552415370941,1,4,"Late & Diverse Transitions"
856181000,0.796417593955994,0,4,"Late & Diverse Transitions"
856208000,0.433670848608017,1,3,"Stable Married, One Child"
856219000,0.632667899131775,0,1,"Persistent Single"
856574000,0.521524667739868,1,1,"Persistent Single"
857891000,0.247035071253777,1,3,"Stable Married, One Child"
858036000,1.65037035942078,1,4,"Late & Diverse Transitions"
858357000,0.614472031593323,1,5,"Delayed Union Formation"
858866000,0.729704320430756,0,2,"Early Family Formation"
859355000,0.240712210536003,1,1,"Persistent Single"
859973000,0.259751886129379,1,4,"Late & Diverse Transitions"
860021000,0.591907322406769,1,1,"Persistent Single"
860171000,0.594271540641785,1,4,"Late & Diverse Transitions"
860316000,0.264855653047562,0,3,"Stable Married, One Child"
861339000,0.825964272022247,1,1,"Persistent Single"
863406000,0.374960690736771,0,1,"Persistent Single"
864163000,0.382579624652863,1,4,"Late & Diverse Transitions"
864258000,0.757391810417175,1,2,"Early Family Formation"
864307000,0.251041442155838,1,1,"Persistent Single"
864680000,4.15421962738037,0,4,"Late & Diverse Transitions"
865625000,0.725314140319824,0,2,"Early Family Formation"
865689000,0.865669250488281,0,2,"Early Family Formation"
866060000,0.292498350143433,0,3,"Stable Married, One Child"
866282000,1.35978531837463,0,3,"Stable Married, One Child"
866356000,0.407461911439896,1,3,"Stable Married, One Child"
866677000,1.13315665721893,0,2,"Early Family Formation"
866692000,0.280223369598389,0,3,"Stable Married, One Child"
868114000,0.271970868110657,0,1,"Persistent Single"
868412000,1.09035217761993,1,4,"Late & Diverse Transitions"
868869000,0.469604969024658,0,4,"Late & Diverse Transitions"
869217000,0.678107261657715,0,3,"Stable Married, One Child"
869252000,0.417916983366013,1,1,"Persistent Single"
870180000,0.263821184635162,0,5,"Delayed Union Formation"
870443000,1.60332930088043,1,2,"Early Family Formation"
870581000,0.978915274143219,0,4,"Late & Diverse Transitions"
872090000,0.305381864309311,1,2,"Early Family Formation"
872481000,0.436603516340256,1,5,"Delayed Union Formation"
872491000,3.00286102294922,1,5,"Delayed Union Formation"
872603000,2.22687387466431,0,4,"Late & Diverse Transitions"
872624000,0.949698269367218,0,2,"Early Family Formation"
873638000,0.632610499858856,0,4,"Late & Diverse Transitions"
873753000,0.703622579574585,0,4,"Late & Diverse Transitions"
873918000,0.311091929674149,0,3,"Stable Married, One Child"
874390000,0.628083646297455,0,2,"Early Family Formation"
874640000,0.244458138942719,1,5,"Delayed Union Formation"
875061000,0.236238986253738,1,3,"Stable Married, One Child"
875957000,0.409788548946381,1,2,"Early Family Formation"
876034000,0.269076704978943,1,4,"Late & Diverse Transitions"
877759000,0.619538247585297,1,2,"Early Family Formation"
877808000,1.52273309230804,0,3,"Stable Married, One Child"
878055000,0.470696836709976,0,1,"Persistent Single"
878788000,0.255768269300461,0,3,"Stable Married, One Child"
879188000,1.3470801115036,1,2,"Early Family Formation"
879733000,0.416569083929062,0,4,"Late & Diverse Transitions"
879766000,0.253263890743256,0,4,"Late & Diverse Transitions"
880518000,0.506583511829376,0,4,"Late & Diverse Transitions"
880621000,1.23972511291504,1,1,"Persistent Single"
880785000,0.284178376197815,0,3,"Stable Married, One Child"
881380000,2.34482431411743,0,1,"Persistent Single"
882681000,0.351097404956818,0,4,"Late & Diverse Transitions"
883034000,0.491865634918213,1,1,"Persistent Single"
883069000,0.222752392292023,0,1,"Persistent Single"
883147000,0.272782772779465,0,4,"Late & Diverse Transitions"
884112000,0.411666482686996,1,1,"Persistent Single"
884450000,0.361849576234818,0,2,"Early Family Formation"
884485000,0.276405483484268,1,2,"Early Family Formation"
885347000,0.572055637836456,1,3,"Stable Married, One Child"
886365000,0.684489130973816,0,2,"Early Family Formation"
887003000,2.39748430252075,1,2,"Early Family Formation"
887137000,0.341869592666626,0,4,"Late & Diverse Transitions"
887699000,0.516154706478119,0,2,"Early Family Formation"
887856000,1.52981352806091,1,3,"Stable Married, One Child"
888351000,0.268675625324249,0,5,"Delayed Union Formation"
888607000,0.279655188322067,1,4,"Late & Diverse Transitions"
889729000,0.719340264797211,0,4,"Late & Diverse Transitions"
890188000,0.313990771770477,0,4,"Late & Diverse Transitions"
890539000,0.516785979270935,0,4,"Late & Diverse Transitions"
891608000,0.241465926170349,1,1,"Persistent Single"
891772000,0.890718281269073,1,3,"Stable Married, One Child"
891808000,0.334511697292328,0,1,"Persistent Single"
891931000,0.257927536964417,1,5,"Delayed Union Formation"
892652000,0.243381202220917,1,1,"Persistent Single"
892791000,0.25877445936203,1,1,"Persistent Single"
893780000,0.954215526580811,0,1,"Persistent Single"
894088000,0.291836619377136,0,4,"Late & Diverse Transitions"
894570000,0.247481018304825,1,3,"Stable Married, One Child"
895058000,2.68810486793518,0,4,"Late & Diverse Transitions"
895105000,0.693399965763092,1,3,"Stable Married, One Child"
895705000,0.494713127613068,1,1,"Persistent Single"
897863000,0.6956627368927,0,2,"Early Family Formation"
898100000,0.49144583940506,1,4,"Late & Diverse Transitions"
898405000,0.459669888019562,1,3,"Stable Married, One Child"
898605000,0.280594080686569,0,3,"Stable Married, One Child"
899021000,0.475101202726364,0,1,"Persistent Single"
899415000,0.284897834062576,1,4,"Late & Diverse Transitions"
899519000,1.30792224407196,0,2,"Early Family Formation"
899669000,0.674164056777954,1,4,"Late & Diverse Transitions"
900270000,0.664843082427979,0,3,"Stable Married, One Child"
900460000,0.307182878255844,1,5,"Delayed Union Formation"
900891000,0.662139713764191,1,1,"Persistent Single"
901014000,0.24338473379612,1,4,"Late & Diverse Transitions"
902274000,0.250016510486603,1,4,"Late & Diverse Transitions"
902679000,5.32912683486938,0,2,"Early Family Formation"
903248000,0.576484501361847,1,1,"Persistent Single"
904645000,1.03794836997986,0,2,"Early Family Formation"
905040000,0.240223243832588,1,1,"Persistent Single"
905522000,0.374507695436478,1,4,"Late & Diverse Transitions"
906681000,0.247173652052879,1,1,"Persistent Single"
907601000,2.06574320793152,0,1,"Persistent Single"
908055000,0.690642178058624,1,2,"Early Family Formation"
908429000,0.304365277290344,0,4,"Late & Diverse Transitions"
909197000,0.698359608650208,0,1,"Persistent Single"
910269000,0.626782119274139,0,4,"Late & Diverse Transitions"
912112000,0.299350708723068,1,4,"Late & Diverse Transitions"
913020000,0.405268132686615,0,1,"Persistent Single"
913719000,0.312734007835388,1,1,"Persistent Single"
914137000,0.244438841938972,1,4,"Late & Diverse Transitions"
914831000,0.240636095404625,0,4,"Late & Diverse Transitions"
915312000,0.551877081394196,1,3,"Stable Married, One Child"
915924000,1.15860760211945,0,4,"Late & Diverse Transitions"
916638000,0.457356810569763,0,5,"Delayed Union Formation"
916751000,0.769022941589355,1,4,"Late & Diverse Transitions"
916863000,0.630935788154602,0,3,"Stable Married, One Child"
916916000,0.579729795455933,1,3,"Stable Married, One Child"
917003000,0.363944441080093,0,5,"Delayed Union Formation"
917077000,0.455109000205994,0,5,"Delayed Union Formation"
917356000,0.784194648265839,1,4,"Late & Diverse Transitions"
917524000,1.04537665843964,1,4,"Late & Diverse Transitions"
917726000,0.902065575122833,1,2,"Early Family Formation"
918511000,0.468074262142181,0,3,"Stable Married, One Child"
918595000,0.505112051963806,1,5,"Delayed Union Formation"
918958000,3.20462465286255,0,2,"Early Family Formation"
919111000,1.47296071052551,0,4,"Late & Diverse Transitions"
920140000,2.02282309532166,0,5,"Delayed Union Formation"
920303000,0.620610594749451,1,2,"Early Family Formation"
